Wife-age,Wife-education,Husband-education,Number-children-born,Wife-religion,Wife-working?,Husband-occupation,Standard-of-living-index,Media-exposure,Contraceptive-method-used
24,mid-low,mid-high,3,islam,no,B,mid-high,good,no-use
45,low,mid-high,10,islam,no,C,high,good,no-use
43,mid-low,mid-high,7,islam,no,C,high,good,no-use
42,mid-high,mid-low,9,islam,no,C,mid-high,good,no-use
36,mid-high,mid-high,8,islam,no,C,mid-low,good,no-use
19,high,high,0,islam,no,C,mid-high,good,no-use
38,mid-low,mid-high,6,islam,no,C,mid-low,good,no-use
21,mid-high,mid-high,1,islam,yes,C,mid-low,good,no-use
27,mid-low,mid-high,3,islam,no,C,high,good,no-use
45,low,low,8,islam,no,B,mid-low,bad,no-use
38,low,mid-high,2,islam,yes,C,mid-high,bad,no-use
42,low,high,4,islam,no,A,mid-high,good,no-use
44,high,high,1,islam,yes,A,high,good,no-use
42,mid-low,high,1,islam,yes,C,mid-high,good,no-use
38,mid-high,high,2,islam,no,B,mid-high,good,no-use
26,mid-low,high,0,islam,no,D,low,good,no-use
48,low,low,7,islam,no,B,high,good,no-use
39,mid-low,mid-low,6,islam,no,B,high,good,no-use
37,mid-low,mid-low,8,islam,no,B,mid-high,good,no-use
39,mid-low,low,5,islam,no,B,low,bad,no-use
26,mid-high,high,1,islam,yes,D,low,good,no-use
24,mid-high,high,0,islam,yes,C,low,good,no-use
46,high,high,1,non-islam,no,A,high,good,no-use
39,high,high,1,islam,no,A,high,good,no-use
48,high,high,5,islam,no,A,high,good,no-use
40,mid-low,high,8,islam,no,C,mid-high,good,no-use
38,high,high,1,islam,yes,A,high,good,no-use
29,high,high,0,islam,yes,A,high,good,no-use
24,high,high,0,islam,yes,B,mid-low,good,no-use
43,low,mid-low,8,islam,no,B,high,good,no-use
31,mid-high,high,2,islam,no,A,high,good,no-use
31,high,high,2,islam,no,C,mid-low,good,no-use
26,mid-low,high,0,islam,yes,A,mid-low,good,no-use
33,mid-low,mid-low,2,islam,no,C,low,good,no-use
24,mid-low,mid-high,1,islam,no,C,mid-high,good,no-use
42,low,mid-high,9,islam,no,C,mid-low,bad,no-use
43,low,mid-low,8,islam,yes,C,low,good,no-use
25,mid-high,mid-high,4,islam,no,C,mid-low,good,no-use
42,mid-low,mid-low,3,islam,no,C,high,good,no-use
28,mid-low,mid-low,1,islam,no,B,high,good,no-use
28,low,low,3,islam,no,C,low,good,no-use
47,mid-low,mid-high,0,islam,yes,A,mid-high,good,no-use
48,mid-low,high,2,islam,no,A,mid-high,good,no-use
40,high,high,2,non-islam,no,A,high,good,no-use
28,mid-low,mid-low,1,islam,no,C,mid-low,good,no-use
25,low,high,1,islam,no,B,low,good,no-use
32,high,high,2,islam,no,B,mid-high,good,no-use
45,high,high,0,islam,no,B,high,good,no-use
26,high,high,1,islam,no,A,high,good,no-use
26,high,high,0,islam,yes,A,high,good,no-use
31,high,high,0,islam,yes,A,high,good,no-use
49,high,high,7,non-islam,no,B,high,good,no-use
40,mid-high,high,8,islam,no,C,mid-high,good,no-use
34,high,high,1,non-islam,yes,B,mid-high,good,no-use
36,mid-low,high,5,islam,no,B,mid-high,good,no-use
20,mid-low,mid-low,2,islam,no,B,mid-low,bad,no-use
43,high,high,5,islam,yes,A,high,good,no-use
37,mid-high,high,7,islam,no,B,low,good,no-use
21,mid-low,mid-high,0,islam,no,C,high,good,no-use
49,high,high,6,islam,no,A,mid-low,good,no-use
42,mid-high,mid-high,10,islam,no,C,mid-high,good,no-use
20,mid-low,mid-high,1,islam,no,B,mid-high,good,no-use
47,low,mid-low,2,islam,yes,A,mid-high,good,no-use
22,mid-low,mid-high,1,islam,no,B,low,good,no-use
27,mid-low,high,1,islam,yes,A,mid-high,good,no-use
24,mid-low,high,1,islam,no,C,low,good,no-use
44,high,mid-low,8,islam,no,C,mid-high,good,no-use
30,mid-low,mid-high,3,islam,no,C,low,good,no-use
23,mid-high,high,2,islam,no,C,high,good,no-use
25,high,high,1,islam,yes,C,mid-high,good,no-use
47,mid-low,mid-high,4,islam,no,B,mid-high,good,no-use
48,mid-low,mid-high,8,islam,no,A,high,good,no-use
29,mid-low,mid-high,1,islam,no,A,low,good,no-use
29,mid-low,mid-high,1,islam,no,A,mid-low,good,no-use
21,mid-high,high,0,islam,no,B,mid-high,good,no-use
21,mid-high,high,1,islam,no,B,mid-high,good,no-use
29,high,high,0,islam,yes,B,high,good,no-use
45,mid-high,high,3,islam,no,A,high,good,no-use
33,mid-low,mid-high,2,islam,no,C,mid-low,good,no-use
38,high,high,1,islam,yes,A,high,good,no-use
24,high,high,0,non-islam,no,A,high,good,no-use
49,high,high,6,non-islam,yes,A,high,good,no-use
24,mid-low,high,1,islam,yes,D,high,good,no-use
28,high,high,0,non-islam,yes,A,high,good,no-use
30,high,high,2,islam,no,A,high,good,no-use
33,high,high,2,islam,no,A,high,good,no-use
25,high,high,1,islam,no,A,mid-high,good,no-use
35,high,high,3,non-islam,no,A,high,good,no-use
27,mid-low,high,4,islam,no,A,high,good,no-use
24,mid-low,mid-low,3,islam,yes,B,low,good,no-use
25,mid-low,mid-high,0,islam,no,B,low,good,no-use
46,mid-low,high,6,islam,no,A,high,good,no-use
26,mid-low,mid-low,3,islam,no,B,low,good,no-use
38,mid-low,mid-low,1,islam,yes,C,mid-low,good,no-use
47,low,mid-low,3,islam,no,A,mid-high,good,no-use
41,low,mid-high,10,islam,no,B,mid-high,bad,no-use
41,mid-low,mid-high,1,islam,yes,B,mid-high,good,no-use
28,high,high,5,islam,no,B,low,good,no-use
17,mid-low,mid-low,3,islam,no,C,low,good,no-use
27,mid-low,mid-high,5,islam,no,B,low,good,no-use
27,low,mid-low,4,islam,no,C,low,bad,no-use
19,mid-low,mid-high,0,islam,yes,B,mid-low,good,no-use
27,mid-low,high,3,islam,yes,C,mid-low,good,no-use
26,high,mid-high,4,islam,no,B,mid-high,good,no-use
23,mid-low,high,2,islam,no,C,mid-high,good,no-use
40,mid-high,mid-high,3,islam,no,C,mid-low,good,no-use
22,high,high,0,islam,no,A,low,good,no-use
44,mid-high,high,4,islam,yes,A,mid-high,good,no-use
29,mid-low,mid-high,2,islam,no,C,low,good,no-use
26,mid-low,mid-high,3,islam,no,C,low,good,no-use
45,high,high,1,islam,yes,C,mid-high,good,no-use
32,mid-high,mid-high,7,islam,yes,B,mid-high,good,no-use
21,high,high,1,islam,no,A,high,good,no-use
31,mid-low,mid-low,4,islam,no,C,mid-high,good,no-use
21,mid-high,high,0,islam,no,A,mid-high,good,no-use
37,high,high,1,islam,no,A,high,good,no-use
34,high,high,3,non-islam,yes,C,mid-high,good,no-use
44,mid-high,high,1,islam,no,A,mid-high,good,no-use
49,high,mid-high,5,islam,no,B,mid-high,good,no-use
26,mid-low,mid-high,2,islam,no,C,mid-high,good,no-use
38,low,mid-low,1,islam,no,B,high,bad,no-use
36,mid-low,mid-high,5,islam,no,B,mid-high,good,no-use
26,mid-high,high,2,islam,no,C,mid-high,good,no-use
20,mid-low,mid-high,1,non-islam,no,C,mid-low,good,no-use
44,mid-low,low,3,islam,yes,C,mid-low,good,no-use
31,mid-high,high,2,islam,no,A,mid-low,bad,no-use
45,high,high,1,islam,no,A,mid-high,good,no-use
36,mid-low,mid-high,2,islam,no,C,mid-low,bad,no-use
43,low,mid-high,2,islam,yes,B,mid-low,bad,no-use
25,mid-high,high,0,islam,no,A,mid-high,good,no-use
48,mid-high,high,3,islam,no,C,low,good,no-use
30,high,high,0,non-islam,yes,A,mid-high,good,no-use
48,low,mid-low,8,islam,no,C,low,good,no-use
28,mid-high,high,1,islam,no,C,low,bad,no-use
26,high,high,1,islam,no,A,mid-high,good,no-use
26,mid-high,mid-high,3,islam,yes,B,high,good,no-use
24,high,high,2,islam,no,C,mid-high,good,no-use
21,mid-high,mid-high,2,islam,no,B,mid-low,good,no-use
30,high,high,2,non-islam,no,C,low,good,no-use
20,high,high,1,islam,no,A,high,good,no-use
33,high,high,2,islam,no,A,mid-high,good,no-use
30,high,high,0,non-islam,yes,C,mid-high,good,no-use
47,high,high,1,islam,yes,A,mid-high,good,no-use
35,high,high,2,non-islam,no,C,mid-high,good,no-use
30,mid-low,high,2,islam,no,C,high,good,no-use
33,high,high,3,islam,no,A,high,good,no-use
45,high,high,4,islam,no,B,mid-high,good,no-use
41,high,high,2,islam,no,A,high,good,no-use
32,high,high,1,islam,yes,A,mid-high,good,no-use
43,high,high,5,islam,no,A,high,good,no-use
44,high,high,3,islam,no,B,high,good,no-use
21,low,mid-high,4,islam,no,C,mid-low,good,no-use
44,mid-high,high,2,islam,no,A,high,bad,no-use
23,high,high,2,islam,no,B,high,good,no-use
47,low,mid-low,4,islam,no,B,mid-low,good,no-use
47,low,low,7,islam,no,B,mid-high,bad,no-use
35,high,high,2,islam,yes,B,high,good,no-use
32,mid-low,high,4,islam,no,C,mid-low,good,no-use
45,low,high,5,islam,no,A,mid-low,bad,no-use
22,mid-low,mid-low,2,islam,no,C,low,good,no-use
23,low,low,3,islam,no,B,low,bad,no-use
30,high,high,0,islam,yes,A,high,good,no-use
44,low,mid-high,0,islam,no,B,mid-high,good,no-use
40,mid-high,mid-high,1,islam,yes,C,mid-high,good,no-use
34,high,high,4,islam,no,B,mid-high,good,no-use
37,mid-high,high,1,islam,no,B,high,good,no-use
49,mid-high,high,5,islam,no,A,high,good,no-use
26,high,high,1,islam,no,A,high,good,no-use
22,high,high,0,islam,no,B,high,good,no-use
20,mid-high,high,0,islam,yes,B,high,good,no-use
47,high,high,4,islam,no,A,high,good,no-use
49,mid-low,mid-low,8,islam,yes,C,low,good,no-use
22,mid-low,high,1,islam,no,B,high,good,no-use
22,mid-high,mid-high,2,islam,no,C,high,good,no-use
25,mid-high,mid-low,2,islam,no,C,mid-low,good,no-use
32,mid-low,high,0,islam,yes,C,high,good,no-use
28,high,high,0,non-islam,no,A,mid-high,good,no-use
30,mid-low,high,4,islam,yes,A,high,good,no-use
45,mid-low,high,2,islam,yes,B,high,good,no-use
49,mid-low,low,10,islam,yes,B,high,good,no-use
34,high,high,2,islam,yes,A,high,good,no-use
25,mid-low,high,1,islam,no,B,mid-low,good,no-use
42,low,mid-high,12,islam,no,C,mid-high,good,no-use
48,mid-low,low,3,islam,yes,D,mid-high,good,no-use
35,mid-high,high,5,islam,yes,B,mid-low,good,no-use
33,mid-low,mid-high,1,islam,no,C,high,good,no-use
20,mid-low,high,0,islam,no,C,mid-low,good,no-use
36,mid-low,mid-high,4,islam,no,C,low,bad,no-use
19,mid-high,mid-high,2,islam,no,C,mid-low,good,no-use
27,mid-high,mid-low,3,islam,no,C,mid-low,good,no-use
30,low,mid-low,4,islam,no,D,low,good,no-use
31,mid-high,high,3,islam,yes,C,mid-low,good,no-use
44,low,low,11,islam,no,D,low,bad,no-use
24,mid-high,mid-high,2,islam,no,C,mid-high,good,no-use
18,mid-high,high,0,islam,yes,C,low,good,no-use
45,low,mid-low,6,islam,no,C,mid-high,bad,no-use
25,mid-low,mid-low,3,islam,yes,C,low,good,no-use
36,mid-high,high,6,islam,no,B,high,good,no-use
30,low,low,5,islam,no,B,mid-low,good,no-use
32,mid-low,high,2,islam,no,C,mid-high,good,no-use
42,low,high,11,non-islam,no,B,mid-low,bad,no-use
22,mid-low,high,0,islam,no,C,mid-high,good,no-use
36,mid-low,high,2,islam,yes,B,high,good,no-use
27,mid-low,mid-high,2,islam,no,C,mid-high,good,no-use
40,mid-high,high,1,islam,no,A,mid-low,good,no-use
22,mid-low,mid-high,2,islam,no,C,low,good,no-use
26,mid-low,high,0,islam,no,C,low,good,no-use
31,mid-high,high,0,islam,yes,B,mid-high,good,no-use
32,high,high,1,islam,no,A,high,good,no-use
34,mid-low,mid-high,3,islam,yes,C,mid-low,good,no-use
40,mid-high,mid-high,1,non-islam,no,C,high,good,no-use
45,low,mid-low,1,islam,yes,C,mid-high,good,no-use
26,mid-high,high,3,islam,no,C,mid-low,good,no-use
48,low,mid-high,5,islam,no,C,mid-low,good,no-use
43,low,mid-high,8,islam,no,C,low,good,no-use
27,mid-high,high,2,islam,yes,B,mid-low,good,no-use
42,mid-high,mid-low,1,islam,no,C,mid-high,good,no-use
34,mid-high,mid-low,8,islam,yes,B,mid-high,bad,no-use
32,mid-high,mid-low,4,islam,no,B,mid-low,bad,no-use
31,mid-high,mid-high,2,islam,yes,B,mid-high,good,no-use
22,mid-low,mid-high,1,islam,no,C,mid-high,good,no-use
27,mid-high,high,0,islam,no,C,mid-high,good,no-use
37,low,mid-low,2,islam,no,B,mid-low,bad,no-use
22,low,mid-low,0,islam,no,B,high,good,no-use
47,high,high,4,islam,no,A,high,good,no-use
32,high,high,4,islam,yes,A,mid-high,good,no-use
37,mid-high,mid-high,2,islam,no,A,high,good,no-use
45,low,mid-high,1,islam,no,B,mid-high,bad,no-use
47,low,high,8,islam,no,C,mid-high,good,no-use
28,mid-high,high,0,islam,no,C,mid-low,good,no-use
48,low,mid-high,4,islam,no,C,high,bad,no-use
26,mid-low,high,1,islam,no,A,mid-high,good,no-use
21,mid-high,high,0,islam,yes,C,low,good,no-use
20,mid-low,mid-high,1,islam,no,B,high,good,no-use
39,low,low,5,islam,yes,C,low,bad,no-use
27,mid-low,mid-high,1,islam,yes,C,high,good,no-use
37,mid-low,mid-high,5,islam,yes,C,mid-low,good,no-use
24,high,high,1,islam,no,C,mid-high,good,no-use
39,mid-high,mid-high,6,islam,no,C,mid-high,good,no-use
20,mid-high,mid-high,1,islam,no,B,mid-high,good,no-use
19,mid-high,high,1,islam,no,B,mid-high,good,no-use
40,mid-high,mid-high,4,islam,no,B,mid-low,good,no-use
41,low,high,4,islam,no,C,mid-high,good,no-use
22,high,high,2,islam,no,A,mid-high,good,no-use
32,mid-high,high,4,islam,no,A,high,good,no-use
34,high,high,2,non-islam,no,A,high,good,no-use
34,high,high,2,islam,yes,A,mid-high,good,no-use
23,high,high,2,islam,no,A,high,good,no-use
27,high,high,1,islam,no,A,mid-low,good,no-use
46,mid-high,mid-low,11,islam,yes,B,mid-low,bad,no-use
34,high,high,3,non-islam,no,A,mid-low,good,no-use
33,high,high,5,islam,no,C,mid-high,good,no-use
25,mid-high,mid-high,1,islam,no,C,mid-low,good,no-use
26,high,high,1,islam,yes,A,high,good,no-use
48,low,mid-high,4,islam,no,C,mid-high,bad,no-use
36,high,high,2,islam,no,C,mid-high,good,no-use
38,mid-high,high,2,non-islam,no,B,high,good,no-use
44,low,mid-low,7,islam,no,C,high,good,no-use
44,mid-low,mid-low,1,islam,yes,C,mid-low,good,no-use
39,mid-high,mid-high,1,non-islam,no,C,high,good,no-use
47,low,mid-low,7,islam,yes,C,mid-low,good,no-use
43,low,mid-high,5,islam,yes,C,mid-low,good,no-use
29,mid-high,mid-high,3,islam,yes,B,high,good,no-use
22,mid-high,mid-high,0,islam,no,B,mid-low,good,no-use
31,mid-low,high,5,islam,no,C,mid-low,good,no-use
22,high,high,0,islam,no,A,mid-high,good,no-use
45,mid-high,high,6,islam,no,B,high,good,no-use
42,mid-high,high,10,islam,yes,C,mid-low,good,no-use
38,mid-high,mid-high,7,islam,no,C,low,good,no-use
47,low,low,6,islam,yes,C,low,good,no-use
30,high,high,2,islam,no,A,high,good,no-use
28,mid-high,high,1,islam,no,C,high,good,no-use
25,mid-high,high,1,islam,no,B,low,good,no-use
49,mid-low,high,6,non-islam,no,B,mid-high,good,no-use
23,mid-high,high,2,islam,yes,B,mid-high,good,no-use
35,mid-high,high,1,non-islam,no,B,mid-high,good,no-use
47,mid-low,low,5,non-islam,no,B,high,good,no-use
35,mid-low,mid-high,0,islam,no,B,high,good,no-use
44,mid-high,high,6,islam,no,C,high,good,no-use
48,high,high,3,islam,no,B,high,good,no-use
43,mid-low,mid-high,6,islam,yes,C,mid-high,good,no-use
21,mid-low,high,2,islam,no,C,low,good,no-use
22,high,high,0,islam,no,A,high,good,no-use
41,mid-high,mid-high,5,islam,no,C,high,good,no-use
29,mid-low,high,2,islam,yes,D,high,bad,no-use
44,high,high,5,non-islam,no,B,high,good,no-use
22,high,high,0,islam,yes,A,high,good,no-use
23,mid-low,high,4,islam,no,C,mid-high,good,no-use
22,mid-low,low,0,islam,no,C,mid-low,good,no-use
35,low,mid-high,0,islam,no,B,mid-low,bad,no-use
24,high,high,1,islam,no,B,mid-low,good,no-use
36,high,high,4,islam,no,A,high,good,no-use
47,low,mid-low,2,islam,no,B,high,good,no-use
40,high,high,3,islam,no,C,high,good,no-use
29,high,high,1,islam,no,A,mid-high,good,no-use
49,mid-high,high,6,islam,no,A,high,good,no-use
49,mid-high,high,9,islam,no,A,high,good,no-use
47,high,high,2,islam,no,A,high,good,no-use
28,high,high,3,non-islam,no,A,high,good,no-use
26,high,high,1,islam,no,A,high,good,no-use
29,low,mid-low,7,islam,no,B,high,good,no-use
29,high,mid-low,0,islam,yes,B,mid-low,good,no-use
25,mid-high,mid-high,1,islam,no,C,high,good,no-use
24,mid-low,high,2,islam,no,C,high,good,no-use
23,high,high,1,islam,yes,B,high,good,no-use
23,high,high,2,islam,yes,C,mid-high,good,no-use
44,low,mid-low,2,islam,no,B,high,good,no-use
39,mid-high,high,6,islam,no,A,high,good,no-use
21,mid-high,mid-high,0,islam,no,B,mid-low,good,no-use
22,mid-high,high,2,islam,no,B,mid-high,good,no-use
47,mid-high,high,3,islam,no,B,mid-high,good,no-use
36,mid-high,mid-high,2,islam,yes,B,high,good,no-use
25,low,high,2,islam,yes,C,mid-high,bad,no-use
40,high,high,2,islam,no,C,high,good,no-use
36,mid-low,mid-low,0,non-islam,yes,C,mid-high,good,no-use
37,mid-low,mid-high,5,non-islam,yes,B,high,good,no-use
28,low,high,2,islam,yes,B,mid-high,good,no-use
30,mid-high,mid-high,5,islam,yes,C,high,good,no-use
16,mid-high,high,1,islam,no,C,mid-high,good,no-use
32,mid-low,mid-high,4,non-islam,no,B,high,good,no-use
40,high,high,3,non-islam,no,C,high,good,no-use
40,low,low,2,islam,yes,C,high,good,no-use
45,mid-high,high,2,non-islam,no,A,high,good,no-use
21,low,mid-high,0,islam,yes,C,high,bad,no-use
28,high,high,1,non-islam,no,A,mid-high,good,no-use
25,high,high,1,non-islam,no,B,mid-high,good,no-use
44,low,mid-high,4,islam,no,C,mid-high,bad,no-use
35,high,high,2,non-islam,no,C,high,good,no-use
49,high,high,4,islam,no,C,high,good,no-use
39,mid-high,high,1,non-islam,no,C,high,good,no-use
32,mid-high,high,1,non-islam,no,B,high,good,no-use
35,low,mid-low,0,islam,yes,D,high,good,no-use
21,low,mid-low,1,islam,yes,C,high,good,no-use
47,high,high,1,non-islam,no,A,high,good,no-use
27,high,high,1,non-islam,no,C,high,good,no-use
31,mid-low,mid-low,8,islam,no,B,mid-low,bad,no-use
34,high,mid-high,0,non-islam,yes,C,mid-high,good,no-use
30,high,high,3,islam,yes,B,high,good,no-use
25,high,high,0,islam,yes,B,high,good,no-use
28,mid-high,high,3,islam,no,B,low,good,no-use
30,mid-low,mid-high,4,islam,yes,C,mid-low,good,no-use
42,mid-high,mid-high,8,islam,no,D,mid-high,good,no-use
23,high,high,0,non-islam,no,B,high,good,no-use
45,mid-high,high,3,non-islam,no,C,high,good,no-use
21,high,high,1,islam,no,C,mid-high,good,no-use
28,high,high,1,non-islam,no,B,high,good,no-use
33,high,high,1,non-islam,yes,C,high,good,no-use
32,low,mid-low,4,islam,no,C,mid-low,bad,no-use
25,mid-low,mid-low,3,islam,no,C,mid-high,good,no-use
25,mid-high,mid-high,1,islam,no,C,low,good,no-use
19,mid-low,mid-low,2,islam,no,C,low,good,no-use
40,low,mid-low,6,islam,no,C,low,bad,no-use
24,mid-low,mid-low,2,islam,no,C,low,bad,no-use
32,mid-low,mid-low,1,islam,no,B,low,good,no-use
35,mid-low,mid-high,8,islam,no,C,mid-low,good,no-use
27,mid-low,mid-low,1,islam,yes,C,mid-low,bad,no-use
23,mid-low,high,2,islam,no,A,high,good,no-use
22,mid-low,high,4,islam,no,C,high,good,no-use
49,mid-low,mid-high,0,islam,no,A,mid-low,good,no-use
25,mid-low,mid-high,0,islam,no,B,high,good,no-use
18,mid-high,high,1,islam,no,C,low,good,no-use
43,mid-high,mid-high,4,islam,no,B,high,good,no-use
37,low,mid-high,0,islam,no,C,high,good,no-use
30,mid-low,mid-high,2,islam,yes,B,high,good,no-use
29,mid-high,mid-low,0,islam,no,B,mid-low,good,no-use
20,mid-low,mid-high,3,islam,no,C,high,good,no-use
42,mid-high,mid-high,3,islam,yes,B,high,good,no-use
23,high,high,1,islam,no,B,mid-high,good,no-use
34,mid-low,mid-high,7,islam,yes,C,mid-high,good,no-use
23,mid-high,mid-high,6,islam,no,C,mid-high,good,no-use
38,mid-high,mid-high,5,islam,no,A,high,good,no-use
37,mid-low,mid-high,4,islam,no,B,mid-high,good,no-use
17,mid-low,mid-high,1,islam,no,C,mid-low,good,no-use
39,mid-high,high,3,islam,no,A,high,good,no-use
49,low,mid-high,0,islam,no,C,mid-high,bad,no-use
23,mid-high,mid-high,2,islam,no,B,mid-low,good,no-use
40,mid-high,mid-high,3,islam,no,B,mid-low,bad,no-use
32,mid-low,high,5,islam,no,B,mid-high,good,no-use
18,mid-low,mid-high,1,islam,no,B,mid-high,good,no-use
46,low,mid-low,8,islam,no,C,mid-high,bad,no-use
37,mid-high,mid-high,6,islam,no,B,mid-low,good,no-use
38,mid-low,high,5,non-islam,no,B,mid-low,good,no-use
37,mid-low,mid-high,2,non-islam,yes,C,mid-high,good,no-use
25,mid-low,mid-high,1,islam,yes,B,low,good,no-use
38,mid-low,high,5,islam,no,C,mid-high,good,no-use
39,high,high,2,islam,yes,A,high,good,no-use
44,high,high,3,islam,yes,A,high,bad,no-use
19,high,high,0,non-islam,no,C,high,good,no-use
28,mid-low,high,1,islam,yes,C,high,good,no-use
20,mid-low,mid-high,1,islam,no,C,high,good,no-use
33,high,high,0,islam,yes,C,mid-high,good,no-use
33,high,high,5,islam,no,C,high,good,no-use
47,low,high,6,islam,no,A,high,good,no-use
25,mid-high,mid-high,0,islam,no,C,high,good,no-use
29,high,high,0,islam,yes,B,high,good,no-use
37,high,high,2,non-islam,no,A,high,good,no-use
49,low,mid-high,6,islam,no,B,high,good,no-use
48,low,low,8,islam,yes,B,mid-low,bad,no-use
19,mid-low,mid-low,0,islam,no,B,mid-low,good,no-use
46,low,mid-low,3,islam,no,B,low,bad,no-use
39,low,mid-low,2,islam,no,C,low,bad,no-use
30,mid-high,high,5,islam,no,A,high,good,no-use
40,mid-low,mid-low,8,islam,no,B,mid-low,good,no-use
43,low,mid-low,1,islam,no,C,high,bad,no-use
29,mid-high,high,4,islam,yes,A,mid-high,good,no-use
23,mid-high,mid-high,2,islam,no,C,mid-high,good,no-use
24,mid-low,mid-low,3,islam,no,B,high,good,no-use
47,mid-high,mid-high,2,islam,no,B,high,good,no-use
35,mid-high,mid-high,2,islam,yes,B,mid-low,good,no-use
19,mid-high,mid-high,1,islam,no,B,high,good,no-use
45,mid-low,mid-high,4,islam,yes,B,high,good,no-use
42,mid-low,high,2,islam,no,C,high,good,no-use
47,low,low,1,islam,no,C,high,good,no-use
25,mid-low,mid-low,2,islam,no,C,low,good,no-use
20,mid-low,mid-high,3,islam,no,C,high,good,no-use
33,mid-high,mid-high,6,islam,no,C,high,good,long-term
46,high,mid-high,5,islam,no,A,high,good,long-term
35,high,high,4,islam,no,A,high,good,long-term
26,high,high,2,islam,yes,A,high,good,long-term
36,mid-high,mid-high,5,islam,yes,A,mid-high,good,long-term
37,mid-high,high,3,islam,no,A,mid-high,good,long-term
44,mid-low,high,4,islam,no,C,mid-high,good,long-term
32,high,high,2,islam,no,A,high,good,long-term
25,mid-low,high,6,islam,no,C,high,good,long-term
42,mid-low,mid-high,7,islam,no,C,high,good,long-term
30,high,high,2,non-islam,yes,A,high,good,long-term
39,high,high,4,islam,no,A,high,good,long-term
26,low,low,2,islam,no,C,high,good,long-term
30,mid-low,high,3,islam,no,C,high,good,long-term
38,high,high,4,non-islam,yes,A,mid-low,good,long-term
23,high,high,1,islam,no,A,mid-low,good,long-term
18,mid-high,high,1,islam,no,C,high,good,long-term
25,mid-high,high,3,islam,no,B,mid-high,good,long-term
37,high,high,2,islam,yes,C,mid-high,good,long-term
20,mid-high,high,1,islam,no,C,mid-low,good,long-term
45,high,high,7,islam,no,A,high,good,long-term
28,mid-low,low,2,islam,yes,C,mid-high,good,long-term
33,mid-low,mid-low,3,islam,no,B,mid-high,good,long-term
28,mid-low,mid-high,2,islam,no,C,mid-high,good,long-term
30,mid-low,high,1,islam,yes,C,high,good,long-term
32,high,high,4,islam,no,B,high,good,long-term
48,high,mid-high,7,islam,yes,B,high,good,long-term
46,high,high,2,islam,yes,A,high,good,long-term
32,high,high,2,non-islam,yes,A,high,good,long-term
49,high,high,10,islam,no,A,high,good,long-term
33,mid-low,mid-low,6,islam,yes,C,high,good,long-term
39,high,high,3,islam,no,A,high,good,long-term
35,high,high,5,non-islam,yes,A,high,good,long-term
36,high,high,3,non-islam,no,A,mid-high,good,long-term
20,mid-high,high,1,islam,no,B,high,good,long-term
23,high,high,1,islam,no,C,high,good,long-term
26,mid-low,high,2,islam,no,A,mid-high,good,long-term
25,mid-high,mid-high,1,islam,no,C,low,good,long-term
31,high,high,1,islam,no,A,high,good,long-term
36,high,high,2,islam,no,B,high,good,long-term
32,mid-high,mid-high,2,islam,yes,C,high,good,long-term
36,high,high,3,islam,no,A,high,good,long-term
40,high,high,3,islam,no,A,high,good,long-term
46,high,high,4,islam,no,A,high,good,long-term
42,high,high,8,non-islam,no,A,high,good,long-term
39,high,high,4,islam,yes,A,high,good,long-term
34,high,high,2,islam,no,A,high,good,long-term
36,high,high,3,islam,no,A,high,good,long-term
37,high,high,3,islam,no,A,high,good,long-term
36,high,high,4,non-islam,no,A,high,good,long-term
38,high,high,2,islam,no,A,high,good,long-term
27,mid-high,mid-high,1,non-islam,yes,B,high,good,long-term
37,high,mid-high,8,islam,no,A,high,good,long-term
24,low,high,1,islam,yes,D,mid-low,bad,long-term
42,mid-low,high,8,islam,no,A,high,good,long-term
31,high,high,3,non-islam,yes,D,high,good,long-term
34,mid-low,mid-high,2,islam,no,C,mid-high,good,long-term
34,high,high,4,islam,no,C,mid-high,good,long-term
36,high,high,4,non-islam,yes,A,high,good,long-term
47,high,high,8,islam,no,A,high,good,long-term
34,high,high,3,islam,no,A,high,good,long-term
44,high,high,6,non-islam,no,A,mid-high,good,long-term
21,high,high,1,islam,no,A,high,good,long-term
42,high,high,6,islam,no,A,mid-high,good,long-term
44,high,high,4,islam,yes,B,mid-high,good,long-term
19,high,high,1,islam,no,B,mid-high,good,long-term
35,low,mid-high,7,islam,yes,B,mid-high,bad,long-term
24,high,high,1,islam,no,C,mid-low,good,long-term
32,mid-high,high,7,non-islam,no,A,mid-high,good,long-term
31,mid-high,mid-high,2,islam,yes,C,mid-high,good,long-term
47,mid-high,high,11,islam,yes,B,mid-high,good,long-term
38,high,high,6,islam,yes,C,mid-high,good,long-term
40,high,high,4,islam,no,A,mid-high,good,long-term
35,mid-high,mid-high,4,islam,no,C,mid-low,good,long-term
26,mid-high,high,3,islam,no,C,high,good,long-term
23,high,mid-high,3,islam,no,C,mid-high,good,long-term
40,high,high,6,non-islam,yes,A,high,good,long-term
37,high,high,3,islam,no,A,high,good,long-term
39,high,high,5,islam,no,B,high,good,long-term
25,high,high,2,islam,no,B,high,good,long-term
48,high,high,4,non-islam,no,A,high,good,long-term
31,high,high,3,islam,no,A,high,good,long-term
26,high,high,1,non-islam,no,B,high,good,long-term
44,high,high,5,islam,yes,A,high,good,long-term
29,high,high,1,islam,yes,B,high,good,long-term
36,mid-low,low,6,islam,no,B,low,good,long-term
29,high,high,2,islam,yes,A,mid-high,good,long-term
37,mid-low,mid-high,7,islam,no,C,high,good,long-term
28,mid-high,mid-high,3,islam,no,A,mid-low,good,long-term
40,mid-low,mid-high,6,islam,no,A,mid-low,good,long-term
33,high,high,4,islam,no,A,high,good,long-term
22,high,high,1,islam,no,A,mid-low,good,long-term
35,mid-high,high,5,islam,yes,A,mid-high,bad,long-term
32,high,high,3,non-islam,no,C,mid-high,good,long-term
35,high,high,5,islam,yes,A,mid-high,good,long-term
29,high,high,2,islam,no,A,high,good,long-term
23,mid-high,mid-high,2,islam,yes,C,high,good,long-term
35,high,high,2,islam,yes,A,high,good,long-term
36,high,high,3,islam,yes,B,high,good,long-term
32,high,high,2,islam,yes,A,high,good,long-term
30,high,low,4,islam,no,C,mid-high,good,long-term
36,high,high,4,non-islam,no,B,high,good,long-term
33,high,high,3,islam,no,C,high,good,long-term
33,mid-high,high,5,non-islam,no,C,mid-high,good,long-term
43,mid-low,high,13,islam,no,B,mid-high,good,long-term
35,mid-high,mid-high,6,islam,no,B,mid-high,good,long-term
38,high,high,5,islam,no,A,mid-high,good,long-term
25,mid-high,low,4,islam,no,C,low,good,long-term
26,mid-high,mid-high,2,islam,no,C,mid-low,good,long-term
24,high,high,1,islam,no,C,high,good,long-term
22,mid-high,high,1,islam,no,D,high,good,long-term
33,mid-low,mid-high,5,islam,yes,B,low,good,long-term
45,mid-high,mid-high,7,islam,no,C,high,good,long-term
29,high,high,2,islam,yes,A,mid-high,good,long-term
47,mid-low,mid-low,7,islam,no,B,high,good,long-term
36,mid-high,mid-low,6,islam,no,C,mid-low,good,long-term
45,mid-high,mid-high,8,islam,no,B,mid-high,good,long-term
47,high,high,6,islam,yes,A,high,good,long-term
43,mid-high,high,2,islam,yes,B,high,good,long-term
44,high,high,7,islam,no,C,mid-low,good,long-term
24,mid-low,high,2,islam,no,C,mid-high,good,long-term
28,high,high,2,islam,yes,A,mid-high,good,long-term
34,high,high,5,islam,no,C,high,good,long-term
31,mid-high,high,4,islam,no,A,mid-high,good,long-term
27,high,high,3,islam,no,A,high,good,long-term
27,mid-high,mid-high,1,islam,yes,C,high,good,long-term
26,high,high,1,islam,yes,A,mid-high,good,long-term
36,mid-high,high,7,islam,no,B,mid-low,good,long-term
35,high,high,4,non-islam,no,C,mid-high,good,long-term
38,high,high,6,islam,no,C,mid-high,good,long-term
44,high,high,7,islam,no,B,high,good,long-term
25,high,high,1,islam,no,A,high,good,long-term
25,high,high,2,non-islam,no,A,mid-high,good,long-term
41,high,high,4,islam,no,A,high,good,long-term
41,mid-high,high,5,islam,no,A,mid-high,good,long-term
24,high,high,1,islam,yes,A,high,good,long-term
33,high,high,3,islam,no,C,mid-high,good,long-term
29,high,high,3,islam,yes,C,mid-high,good,long-term
47,high,high,4,islam,yes,A,high,good,long-term
28,high,high,4,islam,no,A,mid-high,good,long-term
21,mid-low,mid-low,1,islam,no,C,mid-low,good,long-term
32,mid-high,mid-high,6,islam,yes,C,mid-high,good,long-term
30,mid-high,high,2,islam,no,A,high,good,long-term
37,high,high,5,islam,no,C,high,good,long-term
29,high,mid-high,4,islam,yes,C,mid-low,good,long-term
38,high,high,3,islam,yes,A,high,good,long-term
49,mid-high,mid-high,11,islam,no,A,high,good,long-term
41,mid-high,mid-high,5,islam,no,A,high,good,long-term
43,mid-high,high,5,islam,no,C,mid-low,bad,long-term
47,low,low,10,islam,no,C,mid-high,good,long-term
22,high,high,1,islam,no,A,mid-high,good,long-term
27,high,high,1,non-islam,yes,A,high,good,long-term
34,mid-high,high,2,non-islam,no,B,mid-high,good,long-term
42,mid-high,mid-high,4,islam,no,B,high,good,long-term
39,high,high,3,non-islam,yes,A,high,good,long-term
36,high,high,3,non-islam,no,B,high,good,long-term
21,high,high,1,islam,no,B,low,good,long-term
36,mid-high,high,4,non-islam,yes,B,high,good,long-term
25,mid-low,mid-high,1,islam,yes,D,high,good,long-term
41,high,high,4,non-islam,yes,B,high,good,long-term
32,high,high,4,non-islam,yes,B,high,good,long-term
41,high,high,4,non-islam,yes,B,high,good,long-term
43,high,high,3,non-islam,no,A,high,good,long-term
35,high,high,3,islam,no,B,mid-high,good,long-term
24,high,high,2,islam,yes,A,mid-high,good,long-term
43,high,high,6,islam,no,A,high,good,long-term
48,high,high,7,non-islam,no,A,high,good,long-term
28,high,high,2,islam,no,A,mid-high,good,long-term
24,high,high,1,islam,no,A,high,good,long-term
42,high,high,3,islam,yes,A,high,good,long-term
39,high,high,3,islam,no,A,high,good,long-term
24,high,high,1,islam,no,A,high,good,long-term
33,high,mid-high,5,islam,no,B,high,good,long-term
29,high,high,2,islam,no,C,high,good,long-term
44,high,high,5,islam,no,A,high,good,long-term
17,high,high,1,islam,no,B,high,good,long-term
35,mid-high,high,3,islam,no,B,mid-low,good,long-term
32,mid-high,high,5,islam,no,A,mid-low,good,long-term
27,high,high,2,islam,yes,A,mid-high,good,long-term
44,high,high,4,islam,no,A,high,good,long-term
42,high,high,5,islam,no,A,high,good,long-term
40,high,high,6,islam,no,A,mid-high,good,long-term
44,high,high,3,islam,no,A,high,good,long-term
33,high,high,5,islam,no,B,high,good,long-term
35,mid-low,high,3,non-islam,yes,C,high,bad,long-term
31,high,mid-low,2,non-islam,no,A,mid-high,good,long-term
37,high,high,3,non-islam,no,C,high,good,long-term
45,high,high,3,non-islam,no,B,high,good,long-term
26,high,high,2,non-islam,no,A,high,good,long-term
40,mid-high,high,2,non-islam,no,C,high,good,long-term
30,high,high,1,non-islam,no,B,high,good,long-term
36,mid-high,high,3,non-islam,yes,C,high,good,long-term
33,mid-high,high,3,non-islam,no,B,high,good,long-term
41,high,high,5,non-islam,no,B,high,good,long-term
45,mid-high,mid-high,6,non-islam,no,B,high,good,long-term
48,high,high,6,non-islam,no,B,high,good,long-term
35,high,high,3,non-islam,yes,C,high,good,long-term
37,high,high,4,non-islam,yes,B,high,good,long-term
46,high,high,3,non-islam,yes,A,high,good,long-term
38,high,high,4,non-islam,no,C,high,good,long-term
30,mid-high,high,7,islam,no,B,high,good,long-term
42,high,mid-high,7,islam,yes,A,high,good,long-term
35,mid-low,mid-low,6,islam,no,C,high,good,long-term
34,high,high,6,islam,no,C,high,good,long-term
37,high,high,4,islam,no,A,high,good,long-term
38,high,high,6,islam,no,A,high,good,long-term
30,mid-high,mid-high,2,islam,no,B,mid-high,good,long-term
46,high,high,4,islam,no,A,high,good,long-term
31,high,high,3,non-islam,no,B,high,good,long-term
41,high,high,6,non-islam,no,A,high,good,long-term
41,high,high,7,islam,no,B,high,good,long-term
32,high,high,2,non-islam,yes,B,high,good,long-term
44,high,high,4,islam,no,A,high,good,long-term
39,high,high,4,non-islam,no,A,high,good,long-term
39,high,high,5,islam,no,A,high,good,long-term
45,high,high,4,islam,no,A,high,good,long-term
33,high,high,3,islam,no,A,high,good,long-term
39,high,high,3,non-islam,no,A,high,good,long-term
44,high,high,3,islam,yes,A,high,good,long-term
34,mid-high,mid-high,6,islam,no,C,high,good,long-term
33,mid-high,mid-high,5,islam,no,C,high,good,long-term
34,mid-low,mid-low,8,islam,no,B,mid-low,good,long-term
27,mid-high,mid-low,5,islam,no,B,high,good,long-term
47,low,low,8,islam,no,C,high,bad,long-term
25,mid-low,high,3,islam,no,A,high,bad,long-term
24,mid-high,high,5,islam,no,A,mid-low,bad,long-term
41,high,high,4,islam,yes,A,high,good,long-term
29,mid-high,mid-high,4,islam,no,C,high,good,short-term
27,mid-low,mid-low,5,islam,no,C,low,good,short-term
40,mid-high,high,5,islam,no,A,mid-low,good,short-term
30,mid-low,mid-low,6,islam,no,C,low,good,short-term
24,high,high,1,islam,yes,A,high,good,short-term
36,high,high,2,islam,yes,A,high,good,short-term
17,mid-low,mid-low,1,islam,no,C,mid-low,good,short-term
28,low,mid-low,4,islam,no,B,mid-high,good,short-term
27,mid-low,high,1,islam,no,A,high,good,short-term
21,mid-high,mid-high,1,islam,no,C,mid-high,good,short-term
30,mid-low,mid-low,4,islam,no,B,high,good,short-term
48,high,high,16,islam,no,A,high,good,short-term
29,mid-low,high,3,islam,yes,C,mid-high,good,short-term
29,high,high,2,islam,no,C,high,good,short-term
20,mid-high,high,2,islam,no,A,mid-high,good,short-term
28,high,high,1,islam,no,C,mid-low,good,short-term
32,mid-low,mid-high,5,islam,yes,B,mid-high,good,short-term
27,mid-high,mid-high,1,islam,yes,C,mid-high,good,short-term
25,mid-low,mid-high,1,islam,no,C,low,good,short-term
43,high,high,3,islam,no,A,high,good,short-term
35,high,high,2,islam,no,B,high,good,short-term
30,high,high,1,islam,no,A,high,good,short-term
29,low,high,3,islam,no,D,high,bad,short-term
33,mid-high,high,8,islam,no,C,high,good,short-term
37,mid-high,high,5,islam,yes,B,high,good,short-term
27,mid-low,high,3,islam,no,D,high,good,short-term
33,mid-low,high,3,islam,no,B,high,good,short-term
35,mid-low,mid-high,6,islam,yes,C,mid-high,good,short-term
20,mid-high,mid-high,2,islam,no,B,high,good,short-term
26,mid-low,high,3,islam,no,C,high,good,short-term
24,mid-high,mid-high,2,islam,no,C,mid-high,good,short-term
45,low,mid-high,3,islam,no,C,mid-low,good,short-term
34,mid-high,high,4,islam,no,A,mid-high,good,short-term
49,high,mid-high,13,islam,no,A,high,good,short-term
33,high,high,5,islam,no,A,high,good,short-term
33,mid-high,mid-high,8,islam,no,C,high,good,short-term
24,mid-high,high,3,islam,no,A,high,good,short-term
30,mid-low,mid-low,4,islam,no,B,low,good,short-term
27,mid-low,high,4,islam,no,B,low,good,short-term
23,high,mid-high,1,islam,no,B,mid-low,good,short-term
35,high,high,4,islam,no,A,high,good,short-term
35,high,high,1,non-islam,no,A,high,good,short-term
40,high,high,2,non-islam,yes,A,high,good,short-term
29,mid-high,mid-high,1,islam,no,C,mid-high,good,short-term
33,mid-high,mid-high,3,islam,no,C,mid-high,good,short-term
36,high,high,6,non-islam,no,A,mid-low,bad,short-term
36,high,high,4,non-islam,no,A,high,good,short-term
41,high,high,1,islam,no,C,mid-high,good,short-term
38,mid-high,high,3,islam,no,C,mid-low,good,short-term
29,mid-low,high,3,islam,no,C,mid-high,good,short-term
19,high,high,1,islam,no,A,mid-high,good,short-term
34,mid-low,mid-high,2,islam,no,B,mid-high,good,short-term
26,mid-low,high,3,islam,no,C,high,good,short-term
22,high,high,1,islam,no,B,mid-high,good,short-term
42,high,high,7,islam,no,B,high,good,short-term
27,mid-high,high,2,islam,no,C,mid-low,good,short-term
27,high,high,2,islam,no,A,high,good,short-term
39,high,mid-high,1,islam,yes,B,mid-low,good,short-term
21,high,high,1,islam,no,C,low,good,short-term
36,mid-low,mid-high,7,islam,no,C,mid-high,good,short-term
29,low,mid-low,5,islam,yes,A,mid-low,good,short-term
29,mid-low,mid-high,4,islam,no,B,low,good,short-term
22,mid-high,mid-low,2,islam,no,B,low,good,short-term
20,mid-low,mid-high,1,islam,no,B,low,good,short-term
33,mid-high,high,4,islam,yes,B,high,good,short-term
27,mid-high,mid-high,3,islam,no,B,mid-high,good,short-term
25,high,high,3,islam,no,A,high,good,short-term
25,high,mid-high,2,islam,no,C,mid-high,good,short-term
32,mid-low,mid-high,4,islam,no,C,mid-low,good,short-term
39,mid-high,high,2,islam,no,A,mid-high,good,short-term
31,mid-high,mid-high,3,islam,no,B,low,bad,short-term
26,high,high,4,islam,no,C,high,good,short-term
30,mid-high,mid-high,7,islam,no,C,high,good,short-term
43,mid-high,mid-high,5,islam,yes,C,mid-high,good,short-term
34,mid-low,high,4,islam,no,C,mid-high,good,short-term
43,high,high,3,islam,no,A,high,good,short-term
32,high,high,3,non-islam,no,A,high,good,short-term
41,high,high,5,islam,no,A,high,good,short-term
32,high,high,3,non-islam,no,A,high,good,short-term
46,high,high,4,islam,no,A,high,good,short-term
40,mid-high,high,3,islam,yes,A,high,good,short-term
21,high,high,1,islam,no,B,mid-high,good,short-term
32,high,high,3,islam,no,A,high,good,short-term
25,high,high,1,non-islam,no,C,mid-high,good,short-term
24,high,high,1,islam,no,A,mid-high,good,short-term
21,mid-low,mid-high,1,islam,yes,C,mid-low,good,short-term
22,high,high,1,islam,no,C,mid-high,good,short-term
32,high,high,4,islam,no,A,mid-high,good,short-term
30,high,high,2,islam,yes,B,mid-low,good,short-term
25,low,mid-low,2,islam,no,B,low,good,short-term
31,mid-high,mid-high,6,non-islam,no,C,low,good,short-term
19,mid-low,high,1,islam,no,B,mid-high,good,short-term
33,mid-low,mid-low,7,islam,yes,B,mid-high,good,short-term
24,mid-low,mid-low,2,islam,no,C,high,good,short-term
19,mid-high,mid-high,3,islam,no,B,mid-high,good,short-term
27,mid-low,mid-low,5,islam,no,C,mid-high,good,short-term
32,high,high,2,non-islam,yes,A,high,good,short-term
32,high,high,2,islam,yes,A,mid-high,good,short-term
29,low,mid-high,5,islam,no,C,mid-high,good,short-term
23,mid-high,high,1,islam,no,B,mid-high,good,short-term
34,mid-low,high,7,islam,no,B,mid-high,good,short-term
27,mid-low,high,1,islam,no,C,mid-high,good,short-term
37,high,high,4,islam,no,C,mid-low,good,short-term
26,mid-high,high,4,islam,no,B,mid-high,good,short-term
31,mid-low,mid-high,7,islam,no,C,mid-high,good,short-term
44,high,high,11,islam,no,A,high,good,short-term
35,mid-high,high,4,islam,no,A,high,good,short-term
23,high,high,2,islam,no,C,high,good,short-term
24,mid-low,high,2,islam,no,A,high,good,short-term
24,high,high,2,islam,no,A,high,good,short-term
39,high,high,3,islam,no,B,high,good,short-term
33,mid-high,high,4,islam,no,C,mid-high,good,short-term
24,mid-low,mid-high,2,islam,no,B,low,good,short-term
35,high,high,4,islam,no,A,high,good,short-term
35,high,high,6,islam,no,A,high,good,short-term
34,high,high,2,islam,no,C,mid-high,good,short-term
48,mid-high,high,3,islam,no,B,mid-high,good,short-term
28,high,high,1,islam,no,A,mid-high,good,short-term
26,high,high,1,islam,no,C,mid-high,good,short-term
43,mid-high,mid-high,8,islam,no,A,mid-high,good,short-term
28,mid-low,mid-low,5,islam,yes,B,high,good,short-term
22,mid-high,high,3,islam,no,B,mid-high,good,short-term
26,mid-high,mid-high,3,islam,no,C,mid-high,good,short-term
30,mid-high,high,4,islam,no,C,mid-high,good,short-term
38,high,high,5,islam,no,B,mid-high,good,short-term
44,high,high,8,islam,no,B,high,good,short-term
25,high,high,1,non-islam,no,A,high,good,short-term
34,high,high,3,islam,no,A,high,good,short-term
26,high,high,3,islam,no,C,high,good,short-term
20,high,high,2,islam,no,A,mid-high,good,short-term
39,high,high,2,non-islam,no,A,mid-high,good,short-term
27,mid-high,high,4,islam,no,C,mid-high,good,short-term
32,high,high,2,islam,yes,C,high,good,short-term
48,mid-high,high,8,islam,yes,A,high,good,short-term
39,high,mid-high,4,islam,no,C,high,good,short-term
37,high,high,3,islam,yes,A,high,good,short-term
33,high,high,2,non-islam,yes,A,mid-high,good,short-term
32,high,high,3,islam,yes,A,high,good,short-term
25,high,high,2,islam,no,A,mid-high,good,short-term
37,high,high,3,islam,no,B,high,good,short-term
40,high,high,4,islam,no,A,high,good,short-term
38,high,high,6,islam,no,B,high,good,short-term
36,high,high,4,islam,no,A,high,good,short-term
27,mid-high,mid-high,3,islam,no,B,mid-low,good,short-term
22,low,mid-high,2,islam,no,C,low,good,short-term
22,mid-low,mid-low,2,islam,no,B,mid-high,good,short-term
30,mid-high,high,3,islam,no,B,mid-high,good,short-term
20,mid-low,mid-low,2,islam,no,C,mid-low,bad,short-term
34,high,high,2,islam,no,A,high,good,short-term
31,mid-high,high,5,islam,no,C,low,good,short-term
30,mid-high,mid-high,3,islam,yes,C,mid-low,good,short-term
44,mid-high,high,5,islam,yes,A,high,good,short-term
24,mid-high,mid-high,3,islam,yes,B,low,good,short-term
19,high,high,2,islam,no,A,high,good,short-term
28,high,high,5,islam,no,B,high,good,short-term
27,high,high,1,non-islam,yes,A,mid-high,good,short-term
29,mid-high,mid-high,3,islam,no,B,low,good,short-term
37,high,high,3,islam,no,B,high,good,short-term
32,mid-low,mid-low,8,islam,no,B,low,good,short-term
21,mid-low,mid-low,1,islam,no,D,mid-high,good,short-term
33,mid-low,mid-high,7,islam,yes,C,low,good,short-term
23,mid-low,mid-high,2,islam,no,C,low,good,short-term
36,mid-low,mid-low,5,islam,no,C,high,good,short-term
33,mid-low,high,3,islam,no,C,high,good,short-term
35,high,high,2,islam,yes,A,high,good,short-term
25,mid-low,mid-high,4,islam,no,C,mid-high,good,short-term
29,mid-low,high,4,islam,yes,B,high,good,short-term
23,mid-high,mid-high,1,islam,no,B,mid-low,good,short-term
19,mid-high,mid-high,1,islam,no,B,low,good,short-term
35,low,mid-low,6,islam,no,B,mid-low,bad,short-term
25,mid-high,mid-high,3,islam,no,C,mid-low,good,short-term
40,mid-high,high,6,islam,no,A,mid-high,good,short-term
17,mid-high,high,1,islam,no,B,low,good,short-term
25,mid-low,high,3,islam,no,C,mid-high,good,short-term
24,mid-high,mid-high,1,islam,no,C,mid-low,good,short-term
23,high,high,1,islam,no,C,mid-high,good,short-term
25,mid-low,high,3,islam,no,C,mid-low,good,short-term
30,low,mid-high,4,islam,no,C,high,good,short-term
31,low,low,3,islam,no,D,mid-low,bad,short-term
26,mid-high,high,2,islam,no,C,mid-high,good,short-term
28,mid-high,high,2,islam,no,B,mid-high,good,short-term
30,mid-high,mid-high,3,islam,no,C,low,good,short-term
29,mid-high,high,5,islam,no,A,mid-low,good,short-term
24,low,mid-high,4,islam,no,C,mid-high,good,short-term
26,mid-high,high,2,islam,no,A,mid-high,good,short-term
25,mid-high,mid-high,3,islam,no,C,mid-high,good,short-term
35,high,high,3,islam,no,A,high,good,short-term
22,high,high,1,islam,yes,B,high,good,short-term
19,high,high,1,islam,no,B,high,good,short-term
29,mid-low,mid-high,5,islam,no,B,high,good,short-term
21,mid-high,high,2,islam,no,C,mid-high,good,short-term
21,mid-high,mid-high,1,islam,no,C,mid-high,good,short-term
41,low,high,9,islam,no,B,low,good,short-term
37,mid-low,high,3,islam,no,B,mid-high,good,short-term
27,high,high,3,islam,no,C,high,bad,short-term
26,mid-low,mid-high,2,islam,no,B,mid-high,good,short-term
37,high,high,6,islam,yes,C,high,good,short-term
25,mid-high,mid-high,3,islam,no,B,low,good,short-term
32,high,mid-high,3,islam,no,B,high,good,short-term
34,low,high,4,islam,no,C,high,bad,short-term
23,high,high,2,islam,yes,B,high,good,short-term
28,mid-high,high,2,islam,no,C,high,good,short-term
24,mid-high,high,1,islam,no,C,high,good,short-term
32,mid-low,mid-high,4,islam,yes,B,mid-low,good,short-term
22,low,mid-low,3,islam,no,C,low,bad,short-term
25,mid-high,mid-high,1,islam,no,B,low,good,short-term
25,mid-low,mid-high,2,islam,no,B,high,good,short-term
38,mid-low,mid-high,3,islam,no,B,high,good,short-term
33,mid-low,mid-low,2,islam,no,C,high,good,short-term
41,high,high,8,islam,no,A,high,good,short-term
29,mid-high,mid-high,4,islam,no,C,high,good,short-term
22,mid-high,high,1,islam,yes,A,high,good,short-term
29,mid-high,mid-high,6,islam,no,C,mid-high,good,short-term
26,mid-high,high,3,islam,no,C,mid-high,good,short-term
28,mid-low,mid-high,3,islam,no,C,high,good,short-term
27,high,high,1,non-islam,no,C,high,good,short-term
29,mid-low,high,2,islam,no,C,mid-low,good,short-term
24,mid-high,high,2,islam,no,C,mid-high,good,short-term
29,mid-high,high,3,islam,no,C,mid-low,good,short-term
38,mid-high,high,7,islam,no,C,mid-low,good,short-term
23,mid-high,mid-low,2,islam,yes,C,mid-low,good,short-term
20,high,mid-high,1,islam,no,C,high,good,short-term
32,low,high,4,islam,no,C,mid-low,good,short-term
25,mid-low,mid-high,2,islam,no,C,low,good,short-term
26,low,mid-low,3,islam,yes,C,mid-low,good,short-term
23,low,mid-low,3,islam,no,C,mid-low,bad,short-term
23,high,high,3,islam,no,C,mid-high,good,short-term
28,mid-high,high,5,islam,no,B,high,good,short-term
22,high,high,3,islam,no,C,mid-low,good,short-term
28,mid-low,high,4,islam,no,C,high,good,short-term
26,mid-high,mid-high,3,islam,no,C,mid-high,good,short-term
26,mid-low,mid-high,2,islam,no,C,mid-high,good,short-term
24,high,mid-high,3,islam,no,C,mid-high,good,short-term
29,high,high,3,islam,yes,A,high,good,short-term
29,mid-high,high,4,islam,yes,A,mid-high,good,short-term
42,high,high,5,islam,no,A,high,good,short-term
27,high,high,2,islam,no,C,high,good,short-term
35,mid-high,high,5,islam,no,A,high,good,short-term
21,mid-high,high,1,islam,no,C,mid-low,good,short-term
21,low,mid-high,1,islam,no,C,mid-high,bad,short-term
22,mid-high,high,1,islam,no,C,mid-high,good,short-term
28,mid-high,mid-high,4,islam,no,C,mid-high,good,short-term
22,mid-high,high,1,non-islam,yes,A,high,good,short-term
23,mid-high,mid-low,1,islam,no,C,mid-high,good,short-term
28,mid-high,mid-high,2,non-islam,no,B,mid-high,good,short-term
30,high,high,3,non-islam,yes,B,high,good,short-term
25,mid-high,high,3,islam,yes,C,high,good,short-term
33,high,high,4,islam,no,B,mid-high,good,short-term
33,mid-high,high,6,islam,no,C,mid-low,good,short-term
30,high,high,2,non-islam,yes,C,mid-high,good,short-term
22,mid-low,high,1,islam,no,C,mid-high,good,short-term
38,mid-high,mid-high,2,non-islam,no,C,high,good,short-term
35,high,mid-high,2,non-islam,no,C,high,good,short-term
34,mid-low,mid-low,4,non-islam,no,C,mid-low,good,short-term
39,high,high,2,non-islam,no,C,high,good,short-term
47,high,mid-high,4,islam,no,A,mid-high,good,short-term
38,high,high,2,islam,yes,A,high,good,short-term
43,high,high,5,islam,no,A,high,good,short-term
21,mid-high,mid-high,1,islam,no,B,mid-low,good,short-term
30,mid-high,high,2,islam,no,A,mid-low,good,short-term
27,mid-high,high,2,islam,no,A,mid-high,good,short-term
22,high,high,1,non-islam,no,C,low,good,short-term
25,low,mid-low,3,islam,no,B,mid-high,good,short-term
22,low,mid-high,2,islam,no,C,mid-low,good,short-term
28,high,high,4,islam,no,B,mid-high,good,short-term
25,mid-high,mid-high,2,islam,no,B,mid-high,good,short-term
26,high,high,2,islam,yes,C,mid-high,good,short-term
31,mid-high,mid-high,3,islam,no,C,low,bad,short-term
32,low,mid-high,4,islam,no,C,mid-high,good,short-term
35,mid-low,high,6,islam,no,C,high,good,short-term
24,mid-low,mid-high,5,islam,no,C,mid-high,good,short-term
28,high,high,2,islam,no,A,high,good,short-term
36,high,high,3,non-islam,yes,B,high,good,short-term
47,high,high,5,islam,no,A,mid-high,good,short-term
26,high,high,2,islam,yes,A,high,good,short-term
22,mid-high,high,2,non-islam,no,C,high,good,short-term
30,high,high,2,islam,no,D,mid-high,good,short-term
41,high,high,5,islam,no,A,high,good,short-term
19,high,high,1,islam,no,C,mid-low,good,short-term
45,mid-high,high,2,non-islam,no,C,mid-high,good,short-term
35,low,mid-low,5,islam,no,B,mid-low,bad,short-term
21,mid-low,mid-low,1,islam,no,C,mid-low,good,short-term
32,low,mid-low,6,non-islam,no,B,mid-high,good,short-term
32,mid-high,high,5,non-islam,no,C,high,good,short-term
46,mid-low,mid-high,6,non-islam,yes,C,high,good,short-term
41,low,mid-low,6,islam,no,C,mid-high,good,short-term
36,high,high,3,non-islam,no,C,high,good,short-term
37,mid-high,high,3,non-islam,no,C,high,good,short-term
37,mid-high,high,4,non-islam,no,B,high,good,short-term
35,high,high,3,non-islam,no,C,high,good,short-term
29,mid-low,mid-high,4,islam,no,C,mid-low,good,short-term
28,high,high,2,non-islam,no,B,high,good,short-term
46,high,high,4,non-islam,no,A,high,good,short-term
34,high,mid-high,3,non-islam,no,B,high,good,short-term
43,mid-high,mid-high,2,non-islam,yes,C,high,good,short-term
28,high,high,3,non-islam,yes,C,high,good,short-term
28,mid-high,mid-high,3,islam,yes,B,high,good,short-term
34,high,high,6,islam,no,B,mid-low,good,short-term
27,mid-low,high,4,islam,no,C,high,good,short-term
36,low,mid-high,6,islam,no,C,mid-low,good,short-term
17,mid-low,mid-low,0,islam,yes,C,mid-low,good,short-term
21,mid-high,mid-high,1,islam,no,C,mid-low,good,short-term
25,mid-low,mid-low,1,islam,no,C,low,good,short-term
23,mid-low,mid-high,2,islam,yes,C,mid-low,good,short-term
25,mid-low,mid-low,1,islam,no,C,mid-high,good,short-term
35,low,mid-low,4,islam,yes,D,high,good,short-term
32,mid-high,high,4,islam,no,C,mid-low,good,short-term
37,mid-low,mid-high,5,islam,no,D,mid-low,good,short-term
31,mid-high,high,4,islam,yes,C,mid-high,good,short-term
25,mid-high,high,3,islam,no,C,high,good,short-term
26,mid-high,high,4,islam,no,B,high,good,short-term
39,low,mid-low,2,islam,yes,B,high,good,short-term
21,mid-high,mid-high,2,islam,no,B,mid-high,good,short-term
35,mid-high,mid-low,9,islam,yes,C,high,good,short-term
20,mid-low,mid-low,1,islam,no,C,mid-low,good,short-term
40,mid-low,mid-high,5,islam,no,C,mid-high,good,short-term
41,mid-high,mid-high,7,non-islam,no,B,high,good,short-term
36,mid-low,high,8,islam,no,A,high,good,short-term
40,mid-low,high,3,non-islam,no,C,high,good,short-term
32,high,high,3,islam,yes,A,high,good,short-term
24,mid-high,high,4,islam,no,B,mid-high,good,short-term
20,mid-high,high,1,non-islam,no,B,high,good,short-term
32,high,high,4,islam,yes,A,high,good,short-term
22,mid-low,mid-low,3,islam,yes,C,mid-high,good,short-term
30,mid-high,mid-high,4,islam,yes,B,mid-low,good,short-term
31,high,high,3,islam,yes,A,high,good,short-term
35,mid-high,high,5,islam,no,A,high,good,short-term
38,high,high,2,islam,no,C,high,good,short-term
31,high,high,1,islam,no,A,high,good,short-term
25,high,high,2,islam,no,B,high,good,short-term
30,high,high,2,islam,no,A,high,good,short-term
22,low,mid-low,2,islam,no,C,high,good,short-term
31,high,high,3,islam,no,A,high,good,short-term
29,high,high,3,islam,no,C,high,good,short-term
29,mid-low,mid-high,3,islam,yes,C,mid-low,good,short-term
38,high,high,3,non-islam,yes,C,mid-high,bad,short-term
22,mid-high,high,2,islam,no,B,high,good,short-term
45,high,high,3,islam,no,A,high,good,short-term
26,mid-high,high,3,islam,no,C,mid-low,good,short-term
37,high,high,3,non-islam,no,C,high,good,short-term
36,high,high,3,non-islam,no,B,high,good,short-term
33,high,high,2,islam,no,B,high,good,short-term
32,high,high,3,islam,yes,A,high,good,short-term
35,high,high,4,non-islam,yes,A,high,good,short-term
25,high,high,1,islam,no,A,high,good,short-term
31,high,high,3,islam,no,D,high,good,short-term
25,mid-low,mid-high,5,islam,no,B,mid-high,good,short-term
26,mid-high,mid-low,5,islam,no,B,mid-low,good,short-term
23,mid-low,mid-high,3,islam,no,B,mid-high,good,short-term
28,mid-high,high,3,islam,no,A,high,good,short-term
34,mid-high,high,3,non-islam,yes,C,high,good,short-term
46,mid-high,high,9,islam,no,C,high,good,short-term
25,high,high,1,islam,no,A,high,good,short-term
21,mid-low,low,3,islam,yes,C,low,bad,short-term
25,mid-low,mid-high,4,islam,yes,C,mid-low,good,short-term
28,mid-low,mid-high,6,islam,no,B,high,good,short-term
36,mid-low,high,11,islam,no,A,high,bad,short-term
46,low,mid-low,9,islam,yes,C,high,bad,short-term
35,mid-low,mid-low,6,islam,yes,C,low,bad,no-use
41,mid-high,mid-low,11,islam,no,B,mid-high,good,no-use
27,mid-low,high,1,islam,yes,A,low,good,no-use
25,high,high,0,islam,yes,C,high,good,no-use
23,mid-low,mid-low,2,islam,no,C,mid-high,good,no-use
48,low,low,1,islam,yes,C,mid-high,bad,no-use
23,high,high,0,islam,yes,A,high,good,no-use
31,mid-high,high,2,islam,no,C,mid-high,good,no-use
49,high,high,1,islam,no,C,high,good,no-use
42,mid-low,mid-high,2,islam,no,A,high,good,no-use
26,mid-low,high,3,islam,no,C,high,good,no-use
21,mid-low,mid-low,1,islam,no,C,mid-low,good,no-use
29,mid-high,high,4,islam,no,A,high,good,no-use
38,low,mid-low,12,islam,no,B,mid-high,good,no-use
25,high,high,2,islam,no,C,mid-low,good,no-use
22,high,high,0,islam,no,C,mid-low,good,no-use
20,mid-high,high,0,islam,no,C,mid-high,good,no-use
35,high,high,1,islam,no,A,mid-high,good,no-use
32,mid-low,mid-high,1,islam,no,C,mid-high,good,no-use
38,mid-low,high,3,islam,no,A,mid-high,good,no-use
27,low,mid-low,4,islam,no,A,high,bad,no-use
41,mid-low,high,1,islam,no,B,mid-high,good,no-use
28,mid-high,high,0,islam,yes,A,mid-high,good,no-use
23,high,high,1,islam,yes,C,mid-high,good,no-use
27,high,high,1,non-islam,yes,B,high,good,no-use
33,high,high,2,non-islam,no,A,high,good,no-use
39,mid-low,mid-low,5,islam,yes,C,mid-low,bad,no-use
41,mid-low,mid-low,5,non-islam,no,B,mid-low,good,no-use
40,mid-low,mid-low,8,islam,no,A,mid-high,good,no-use
43,mid-high,high,10,islam,no,C,mid-high,good,no-use
35,mid-high,high,6,islam,yes,B,mid-low,good,no-use
32,mid-high,high,0,islam,no,C,high,good,no-use
49,mid-low,mid-high,4,islam,no,B,mid-high,good,no-use
47,mid-low,mid-low,4,islam,no,C,low,good,no-use
42,high,high,1,islam,no,B,high,good,no-use
48,high,high,4,non-islam,no,A,high,good,no-use
42,high,high,3,islam,no,A,high,good,no-use
37,high,high,2,islam,no,A,high,good,no-use
23,mid-high,mid-high,1,islam,yes,B,high,good,no-use
24,mid-high,high,0,islam,yes,B,mid-high,good,no-use
43,mid-low,mid-high,3,non-islam,no,B,mid-high,good,no-use
24,mid-high,mid-high,2,islam,yes,C,mid-low,good,no-use
29,mid-low,high,0,islam,yes,C,high,good,no-use
45,low,low,0,non-islam,yes,B,low,good,no-use
31,high,high,3,islam,yes,B,mid-high,good,no-use
44,low,high,9,islam,no,A,mid-low,good,no-use
28,mid-low,mid-high,1,islam,no,C,low,good,no-use
28,mid-high,high,1,non-islam,no,B,mid-low,good,no-use
33,low,mid-low,0,islam,yes,C,mid-high,good,no-use
43,high,high,6,islam,no,A,mid-high,good,no-use
34,mid-high,high,4,islam,no,A,mid-high,good,no-use
36,low,high,2,islam,no,B,mid-low,good,no-use
22,high,high,0,islam,yes,B,high,good,no-use
35,mid-low,mid-high,8,islam,no,C,mid-high,bad,no-use
25,high,high,1,islam,no,A,high,good,no-use
43,low,mid-low,8,islam,no,B,mid-low,bad,no-use
46,low,high,8,islam,no,A,high,bad,no-use
27,mid-high,high,2,islam,no,A,mid-high,good,no-use
30,low,low,7,islam,no,B,mid-high,good,no-use
25,high,high,1,islam,no,C,high,good,no-use
42,high,high,1,islam,yes,A,high,good,no-use
30,low,mid-high,1,islam,no,C,high,good,no-use
27,mid-high,mid-high,4,islam,no,B,high,good,no-use
45,mid-low,mid-high,11,islam,no,B,mid-high,good,no-use
29,mid-high,high,2,islam,no,A,mid-high,good,no-use
36,low,high,1,islam,no,C,mid-high,good,no-use
49,low,mid-low,8,islam,no,C,low,bad,no-use
47,low,high,7,islam,no,B,mid-high,good,no-use
30,high,high,4,islam,no,B,high,good,no-use
24,mid-low,mid-high,2,islam,no,C,low,good,no-use
48,low,low,6,islam,no,B,mid-high,bad,no-use
47,low,mid-low,2,islam,no,B,mid-high,bad,no-use
24,mid-high,high,1,islam,yes,C,mid-high,good,no-use
48,mid-high,high,5,islam,no,B,mid-high,good,no-use
38,low,mid-low,8,islam,no,C,mid-high,bad,no-use
45,mid-high,high,0,islam,no,A,mid-high,good,no-use
43,high,high,3,non-islam,no,B,high,good,no-use
33,low,low,5,islam,no,C,low,bad,no-use
37,mid-high,high,7,islam,no,C,high,good,no-use
36,mid-low,low,6,islam,no,B,mid-high,good,no-use
25,mid-high,high,3,islam,no,A,low,good,no-use
49,high,high,6,non-islam,yes,A,high,good,no-use
30,high,high,1,islam,yes,A,high,good,no-use
35,high,high,5,islam,no,A,high,good,no-use
28,mid-low,high,0,islam,no,C,low,good,no-use
30,high,mid-low,0,islam,yes,C,mid-high,good,no-use
27,high,high,2,islam,yes,A,high,good,no-use
45,mid-low,high,8,islam,no,B,mid-high,good,no-use
46,mid-high,low,5,islam,no,C,mid-low,good,no-use
28,low,high,0,islam,yes,D,low,good,no-use
21,mid-low,high,0,islam,no,B,mid-low,good,no-use
20,mid-high,high,2,islam,no,C,mid-high,good,no-use
28,mid-high,mid-high,5,islam,no,C,mid-high,good,no-use
25,mid-high,mid-high,1,islam,no,B,mid-low,good,no-use
38,low,mid-low,6,islam,no,B,low,bad,no-use
20,mid-high,high,1,islam,no,C,mid-low,good,no-use
24,mid-high,high,2,islam,no,B,high,good,no-use
39,mid-high,low,1,islam,no,B,mid-high,good,no-use
25,low,mid-high,1,islam,no,D,mid-low,good,no-use
23,mid-high,high,4,islam,no,C,low,bad,no-use
24,high,high,1,islam,yes,A,mid-high,good,no-use
26,high,high,3,islam,no,A,high,good,no-use
20,mid-high,high,2,islam,no,C,mid-low,good,no-use
31,mid-high,mid-high,1,islam,yes,C,high,good,no-use
22,high,high,0,islam,no,B,low,bad,no-use
36,mid-low,mid-high,6,islam,no,B,mid-high,good,no-use
45,mid-high,high,0,islam,no,A,mid-high,good,no-use
47,mid-low,mid-low,7,islam,no,B,mid-low,good,no-use
30,mid-low,mid-high,1,islam,no,B,low,good,no-use
35,high,high,3,islam,no,A,high,good,no-use
34,mid-low,mid-low,9,islam,yes,B,mid-high,good,no-use
28,high,high,1,islam,yes,A,mid-high,good,no-use
18,mid-high,high,1,islam,no,C,mid-high,good,no-use
25,mid-low,mid-high,2,islam,no,C,mid-low,good,no-use
27,mid-high,high,0,islam,yes,C,mid-high,good,no-use
21,high,high,1,islam,no,C,high,good,no-use
19,high,high,1,islam,no,A,mid-high,good,no-use
26,high,high,0,islam,no,C,high,good,no-use
28,high,high,5,islam,no,A,high,good,no-use
38,low,mid-high,4,islam,yes,B,mid-low,good,no-use
39,mid-low,mid-high,10,islam,no,C,high,good,no-use
45,mid-low,mid-high,6,islam,no,C,mid-low,bad,no-use
30,mid-high,high,4,non-islam,no,B,mid-high,good,no-use
47,mid-low,high,2,islam,no,C,mid-low,bad,no-use
38,mid-low,mid-low,6,islam,no,C,high,good,no-use
42,mid-high,mid-high,5,islam,no,B,mid-low,good,no-use
31,high,high,2,islam,no,A,mid-low,good,no-use
44,low,mid-low,2,islam,no,C,low,good,no-use
42,high,high,3,islam,yes,A,high,good,no-use
28,high,high,2,islam,no,A,mid-high,good,no-use
34,mid-low,high,6,islam,yes,C,high,good,no-use
45,low,mid-high,7,islam,yes,A,mid-high,good,no-use
43,high,high,5,islam,no,A,mid-high,good,no-use
28,mid-high,high,0,islam,yes,C,high,good,no-use
27,mid-high,high,0,islam,no,C,mid-high,good,no-use
26,mid-low,mid-high,1,islam,yes,D,high,good,no-use
26,mid-high,high,1,non-islam,no,B,mid-low,good,no-use
37,mid-high,high,4,islam,yes,B,high,good,no-use
48,mid-high,high,11,islam,no,A,high,good,no-use
47,mid-low,mid-high,12,islam,no,C,low,good,no-use
22,mid-low,high,1,islam,no,C,high,good,no-use
48,high,high,1,non-islam,no,A,high,good,no-use
42,low,mid-high,12,islam,no,B,high,good,no-use
32,high,high,3,islam,no,A,high,good,no-use
33,high,high,3,non-islam,yes,A,mid-high,good,no-use
45,high,high,1,islam,yes,A,high,good,no-use
26,mid-low,mid-high,1,islam,yes,C,high,bad,no-use
45,high,high,1,islam,no,A,high,good,no-use
25,mid-high,mid-high,1,islam,yes,B,high,good,no-use
36,high,mid-high,3,islam,yes,C,mid-low,good,no-use
31,mid-high,mid-high,2,islam,yes,C,mid-high,good,no-use
22,mid-high,high,2,islam,no,C,mid-high,good,no-use
46,high,high,10,islam,no,A,mid-high,good,no-use
26,mid-low,mid-high,3,islam,no,C,high,good,no-use
25,mid-high,mid-low,1,islam,yes,C,mid-high,good,no-use
20,high,high,0,non-islam,yes,B,high,good,no-use
31,mid-high,high,3,non-islam,yes,B,high,good,no-use
36,mid-high,mid-high,3,non-islam,yes,B,mid-high,bad,no-use
47,mid-high,mid-low,5,islam,no,D,high,good,no-use
43,mid-high,high,2,non-islam,no,C,high,good,no-use
20,mid-high,high,0,islam,no,C,mid-high,good,no-use
24,high,high,4,islam,no,A,high,good,no-use
33,mid-low,mid-low,3,non-islam,yes,B,high,good,no-use
41,mid-high,high,3,non-islam,no,B,high,good,no-use
48,mid-high,high,4,non-islam,no,B,high,good,no-use
32,high,high,1,non-islam,no,A,high,good,no-use
38,mid-high,mid-high,4,non-islam,yes,C,mid-low,bad,no-use
48,mid-high,high,8,islam,no,C,mid-high,good,no-use
34,low,mid-high,4,islam,yes,C,high,good,no-use
31,low,low,6,islam,no,C,mid-low,good,no-use
46,low,mid-low,7,islam,no,C,low,bad,no-use
45,mid-low,mid-low,7,islam,no,C,low,bad,no-use
34,mid-high,high,4,non-islam,no,C,low,bad,no-use
16,mid-low,high,1,islam,no,C,high,good,no-use
18,mid-high,mid-low,1,islam,no,C,low,good,no-use
22,mid-low,mid-low,1,islam,no,C,low,bad,no-use
32,mid-low,mid-low,2,islam,no,B,high,good,no-use
41,low,mid-high,3,islam,yes,B,high,good,no-use
22,mid-high,mid-high,2,islam,no,B,high,good,no-use
23,mid-high,mid-low,0,islam,no,B,mid-low,good,no-use
22,mid-high,high,0,islam,yes,C,high,good,no-use
40,mid-low,mid-low,6,islam,no,B,mid-low,bad,no-use
29,mid-high,high,1,non-islam,no,B,mid-high,good,no-use
42,high,high,0,non-islam,yes,C,high,good,no-use
29,mid-high,high,2,islam,no,C,high,good,no-use
31,mid-high,mid-low,1,islam,no,C,high,good,no-use
28,high,high,3,non-islam,yes,A,high,good,no-use
21,mid-low,mid-high,0,islam,no,C,high,good,no-use
26,high,high,2,islam,no,A,mid-high,good,no-use
37,mid-high,high,0,islam,no,C,high,good,no-use
24,mid-high,high,2,islam,no,B,mid-low,good,no-use
25,high,high,0,non-islam,no,B,high,good,no-use
22,mid-low,low,0,islam,no,B,mid-low,good,no-use
45,high,high,1,islam,no,A,high,good,no-use
47,high,high,1,islam,no,A,high,good,no-use
28,high,high,5,islam,yes,C,high,good,no-use
24,mid-low,mid-low,4,islam,no,C,high,good,no-use
34,mid-high,mid-high,6,islam,no,B,mid-high,good,no-use
47,mid-low,mid-high,5,islam,no,A,low,good,no-use
31,mid-high,high,2,islam,no,A,high,good,no-use
26,low,mid-high,1,islam,no,C,low,good,no-use
25,high,high,3,islam,no,A,mid-low,good,no-use
47,low,low,4,islam,no,B,mid-low,good,no-use
48,low,low,8,islam,no,A,low,bad,no-use
38,mid-low,mid-low,10,islam,no,C,mid-low,good,no-use
32,low,mid-high,4,islam,no,B,mid-low,bad,no-use
47,low,mid-low,2,islam,no,B,high,good,no-use
27,high,high,3,islam,no,A,high,good,no-use
40,low,low,0,islam,no,C,mid-low,good,no-use
46,high,high,6,islam,no,A,high,good,no-use
33,mid-high,mid-high,3,islam,no,C,high,good,no-use
49,low,mid-low,5,islam,yes,B,mid-low,bad,no-use
21,mid-low,high,3,islam,no,C,mid-low,good,no-use
31,high,high,0,non-islam,yes,B,high,good,no-use
42,high,high,4,islam,no,C,high,good,long-term
35,high,high,3,islam,no,A,high,good,long-term
31,high,high,4,islam,no,C,mid-high,good,long-term
42,high,high,6,islam,no,A,mid-high,good,long-term
49,mid-high,high,4,islam,no,C,high,good,long-term
21,high,high,1,islam,no,A,mid-high,good,long-term
28,mid-high,high,3,islam,no,A,high,good,long-term
22,high,high,1,islam,no,A,mid-high,good,long-term
36,high,high,3,islam,yes,A,high,good,long-term
45,mid-low,mid-low,9,islam,no,C,mid-high,good,long-term
40,high,high,4,islam,no,A,high,good,long-term
30,mid-low,mid-low,7,islam,no,C,high,good,long-term
35,high,high,5,islam,yes,A,high,good,long-term
26,mid-low,high,2,islam,no,A,high,good,long-term
45,high,high,3,islam,no,A,high,good,long-term
27,mid-high,mid-high,2,islam,no,C,high,good,long-term
32,high,high,4,islam,no,A,mid-low,good,long-term
27,high,high,3,islam,no,A,mid-high,good,long-term
28,high,high,2,non-islam,no,A,high,good,long-term
30,high,high,3,islam,no,B,low,good,long-term
34,high,high,4,islam,no,B,high,good,long-term
26,mid-high,high,3,islam,no,B,mid-high,good,long-term
44,low,high,2,islam,no,A,mid-high,good,long-term
29,high,high,3,islam,no,A,high,good,long-term
26,mid-high,high,2,islam,no,C,mid-high,good,long-term
41,high,high,8,islam,no,A,high,good,long-term
32,mid-high,mid-high,4,islam,yes,C,mid-high,good,long-term
23,mid-high,low,1,islam,yes,C,mid-high,good,long-term
38,mid-low,mid-high,4,islam,no,A,mid-low,good,long-term
22,high,high,1,islam,yes,B,mid-low,good,long-term
34,mid-high,high,3,non-islam,no,A,high,good,long-term
38,mid-high,high,7,non-islam,no,B,mid-high,good,long-term
21,high,high,1,islam,no,A,high,good,long-term
43,low,mid-high,4,islam,no,A,high,good,long-term
44,mid-high,mid-high,9,islam,no,A,low,good,long-term
24,high,high,1,islam,no,B,high,good,long-term
27,high,high,1,islam,yes,C,mid-high,good,long-term
34,mid-high,high,4,islam,no,C,mid-high,good,long-term
29,mid-high,high,2,islam,no,A,high,good,long-term
26,high,high,1,islam,yes,B,mid-high,good,long-term
37,high,high,7,islam,no,A,high,good,long-term
21,mid-high,high,3,islam,no,A,high,good,long-term
47,high,high,4,non-islam,no,B,high,good,long-term
41,high,high,3,islam,yes,B,mid-high,good,long-term
29,mid-high,high,3,islam,no,A,mid-high,good,long-term
25,high,high,1,islam,yes,A,high,good,long-term
33,high,high,2,non-islam,yes,A,mid-high,good,long-term
23,high,high,1,non-islam,no,A,high,good,long-term
32,high,high,4,islam,no,B,mid-high,good,long-term
45,high,high,3,islam,no,A,high,good,long-term
37,high,high,4,islam,no,A,high,good,long-term
35,mid-low,high,4,non-islam,no,C,mid-low,good,long-term
37,high,high,3,islam,no,C,high,good,long-term
35,high,high,5,islam,no,B,high,good,long-term
23,high,high,1,islam,no,C,mid-high,good,long-term
38,mid-low,mid-low,8,islam,no,B,mid-low,good,long-term
41,high,high,4,non-islam,yes,B,high,good,long-term
35,low,mid-low,9,islam,yes,C,low,good,long-term
29,high,high,3,islam,no,C,mid-low,good,long-term
26,mid-high,mid-high,2,islam,no,A,mid-high,good,long-term
22,mid-high,mid-high,2,islam,no,C,mid-high,good,long-term
30,mid-low,mid-high,5,islam,no,C,low,bad,long-term
36,high,high,3,islam,no,C,mid-high,good,long-term
26,mid-high,high,3,islam,no,A,high,good,long-term
32,high,high,2,islam,yes,C,high,good,long-term
39,high,high,3,non-islam,no,B,high,good,long-term
29,mid-high,high,3,islam,no,A,mid-high,good,long-term
40,high,high,5,islam,no,A,mid-high,good,long-term
43,mid-high,mid-high,6,islam,yes,C,mid-low,good,long-term
44,mid-high,high,6,islam,no,C,mid-low,good,long-term
24,high,high,2,islam,no,B,high,good,long-term
42,high,high,3,islam,yes,A,high,good,long-term
33,mid-high,high,2,islam,no,A,high,good,long-term
24,high,high,1,non-islam,no,B,mid-high,good,long-term
28,mid-high,high,2,non-islam,no,B,mid-high,good,long-term
32,mid-low,low,5,islam,yes,B,mid-low,good,long-term
26,mid-low,mid-low,4,islam,no,C,high,good,long-term
27,high,high,1,islam,no,A,high,good,long-term
41,mid-high,high,3,non-islam,no,B,high,good,long-term
28,mid-high,high,2,non-islam,no,C,mid-high,good,long-term
23,high,high,1,islam,yes,C,high,good,long-term
31,mid-low,mid-low,4,islam,no,D,mid-high,bad,long-term
33,high,high,3,non-islam,no,B,high,good,long-term
35,high,high,5,islam,no,A,high,good,long-term
39,mid-high,high,5,islam,no,C,high,good,long-term
27,high,high,2,islam,no,A,mid-high,good,long-term
48,high,high,3,non-islam,no,A,high,good,long-term
25,mid-high,low,2,islam,yes,C,high,good,long-term
38,high,high,4,islam,no,B,high,good,long-term
48,high,high,7,islam,yes,A,high,good,long-term
34,high,high,4,islam,yes,C,mid-high,good,long-term
36,mid-high,mid-high,4,islam,no,A,mid-high,good,long-term
34,high,high,3,islam,yes,C,high,good,long-term
42,high,high,4,non-islam,yes,B,high,good,long-term
45,mid-high,mid-high,5,non-islam,no,A,mid-high,good,long-term
37,high,high,4,non-islam,no,B,high,good,long-term
38,high,high,3,non-islam,yes,B,high,good,long-term
42,mid-high,mid-high,4,non-islam,no,C,high,good,long-term
42,mid-low,high,5,non-islam,no,B,mid-high,good,long-term
41,high,high,6,islam,no,A,high,good,long-term
43,high,high,5,non-islam,no,A,high,good,long-term
34,high,high,2,non-islam,yes,C,mid-low,good,long-term
44,mid-low,mid-high,1,non-islam,no,B,high,good,long-term
41,high,high,4,non-islam,no,A,high,good,long-term
36,high,high,3,islam,no,A,high,good,long-term
34,low,mid-low,5,islam,no,C,high,good,long-term
32,mid-high,mid-low,5,islam,no,C,mid-high,good,short-term
34,mid-high,mid-high,6,islam,no,A,high,good,short-term
24,high,high,2,islam,yes,C,mid-high,good,short-term
21,mid-high,mid-high,1,non-islam,no,C,mid-low,good,short-term
38,high,mid-high,9,islam,no,C,mid-high,good,short-term
39,high,high,3,islam,yes,A,high,good,short-term
35,mid-low,mid-low,6,islam,yes,B,mid-low,bad,short-term
30,mid-low,mid-high,7,islam,no,C,mid-high,good,short-term
17,mid-high,high,1,islam,no,C,mid-high,good,short-term
32,mid-low,high,3,islam,no,C,high,good,short-term
43,high,high,5,non-islam,no,A,high,good,short-term
31,mid-low,mid-low,4,islam,no,C,mid-high,good,short-term
24,low,mid-low,3,islam,no,C,mid-low,good,short-term
26,mid-low,high,3,islam,no,A,mid-high,good,short-term
35,mid-high,high,4,islam,yes,A,high,good,short-term
46,mid-high,high,4,islam,yes,C,high,good,short-term
29,mid-low,mid-high,3,islam,no,C,mid-high,good,short-term
21,mid-high,high,1,islam,yes,C,high,good,short-term
31,high,high,5,islam,yes,A,high,good,short-term
24,high,high,2,islam,no,C,mid-high,good,short-term
24,mid-low,high,3,islam,no,C,mid-high,good,short-term
36,high,high,4,islam,no,A,mid-high,good,short-term
37,mid-low,mid-high,9,islam,no,C,mid-high,good,short-term
37,mid-high,mid-high,6,islam,no,C,mid-high,good,short-term
37,mid-high,mid-high,11,islam,no,A,mid-low,good,short-term
44,high,high,4,non-islam,no,B,mid-high,good,short-term
35,mid-low,mid-high,6,islam,no,B,mid-high,good,short-term
25,high,high,3,islam,no,C,mid-high,good,short-term
21,high,high,2,islam,no,B,mid-high,good,short-term
24,low,mid-low,3,islam,no,C,mid-low,good,short-term
16,mid-low,mid-high,1,islam,no,C,low,good,short-term
21,mid-high,mid-low,1,islam,no,C,low,bad,short-term
25,mid-low,high,2,islam,no,B,high,good,short-term
26,high,high,1,islam,yes,B,high,good,short-term
43,high,high,2,islam,no,A,high,good,short-term
24,high,high,1,islam,no,A,high,good,short-term
30,mid-high,high,3,non-islam,no,C,mid-high,good,short-term
30,mid-low,mid-high,3,islam,no,C,mid-high,good,short-term
26,high,high,2,islam,no,C,mid-high,good,short-term
29,mid-low,high,4,islam,no,C,mid-low,good,short-term
24,mid-high,high,4,islam,no,C,low,good,short-term
29,mid-high,mid-high,2,islam,no,C,mid-low,good,short-term
29,low,mid-low,1,islam,no,C,mid-high,good,short-term
22,high,high,1,islam,no,B,high,good,short-term
30,mid-high,mid-high,4,islam,yes,C,mid-low,good,short-term
24,high,high,1,islam,no,B,mid-high,good,short-term
25,high,high,2,islam,no,A,mid-low,good,short-term
44,high,high,5,islam,yes,A,high,good,short-term
28,mid-low,mid-high,3,islam,no,B,high,good,short-term
22,mid-high,mid-high,1,islam,no,C,mid-low,good,short-term
30,mid-low,mid-low,6,islam,yes,B,mid-high,good,short-term
25,mid-high,high,3,islam,no,B,high,good,short-term
25,high,high,2,islam,no,C,mid-high,good,short-term
33,high,high,2,islam,yes,A,high,good,short-term
33,mid-high,mid-high,4,islam,yes,B,mid-high,good,short-term
26,mid-high,mid-high,2,islam,yes,B,mid-low,good,short-term
29,mid-high,high,5,islam,no,C,mid-high,good,short-term
32,mid-high,mid-high,4,islam,no,B,low,good,short-term
30,high,high,1,islam,yes,C,mid-low,good,short-term
37,high,high,1,non-islam,no,A,high,good,short-term
31,low,mid-low,4,islam,no,C,mid-high,good,short-term
36,low,mid-low,4,islam,no,C,low,bad,short-term
36,mid-low,mid-low,7,islam,yes,B,mid-low,bad,short-term
26,mid-high,high,2,islam,yes,B,high,good,short-term
36,high,high,3,islam,no,A,high,good,short-term
28,high,high,1,islam,no,B,high,good,short-term
33,high,high,5,islam,no,C,mid-high,good,short-term
25,mid-high,high,2,islam,yes,B,high,good,short-term
31,high,high,2,non-islam,no,A,high,good,short-term
38,high,high,4,islam,yes,A,high,good,short-term
35,low,mid-low,5,islam,no,C,mid-high,good,short-term
33,high,high,3,non-islam,yes,B,high,good,short-term
30,mid-low,mid-low,2,islam,no,C,mid-low,good,short-term
20,mid-high,mid-high,2,islam,no,B,mid-low,bad,short-term
18,mid-high,mid-high,1,islam,no,B,mid-low,good,short-term
30,mid-high,mid-low,3,islam,no,C,mid-high,good,short-term
35,mid-low,mid-high,6,islam,yes,C,mid-low,good,short-term
22,mid-high,mid-high,2,islam,no,C,low,good,short-term
28,mid-low,high,7,islam,no,C,mid-high,good,short-term
21,mid-high,mid-high,1,islam,no,C,low,good,short-term
27,mid-high,high,4,islam,no,C,high,good,short-term
30,mid-high,high,3,islam,no,C,mid-high,good,short-term
25,mid-high,high,2,islam,no,C,mid-high,good,short-term
26,high,high,3,islam,no,C,mid-low,good,short-term
37,mid-low,high,5,islam,no,A,high,good,short-term
47,low,mid-high,9,islam,yes,C,mid-high,good,short-term
36,low,low,5,islam,no,C,mid-high,good,short-term
36,mid-low,mid-high,6,islam,no,B,high,good,short-term
36,high,high,3,islam,no,B,high,good,short-term
28,high,high,4,islam,no,C,high,good,short-term
21,high,high,2,islam,no,C,mid-high,good,short-term
25,high,high,2,islam,no,B,mid-high,good,short-term
30,mid-high,high,3,islam,no,C,high,good,short-term
22,mid-high,mid-high,3,islam,no,C,mid-high,good,short-term
23,high,mid-high,2,islam,yes,B,mid-high,good,short-term
36,mid-high,high,9,islam,no,C,high,good,short-term
28,high,mid-high,2,islam,no,C,mid-low,good,short-term
46,mid-low,mid-low,5,islam,no,B,high,good,short-term
47,high,high,5,islam,no,C,mid-low,good,short-term
41,low,high,5,islam,yes,B,high,good,short-term
44,high,high,5,islam,no,C,high,good,short-term
34,mid-low,mid-high,3,non-islam,no,C,mid-low,bad,short-term
37,mid-low,mid-high,6,islam,no,C,high,good,short-term
34,high,high,2,non-islam,no,A,high,good,short-term
22,mid-low,high,2,islam,no,C,mid-low,good,short-term
33,mid-low,mid-high,4,islam,no,B,mid-high,good,short-term
21,mid-high,high,3,islam,no,C,low,good,short-term
31,high,high,4,islam,yes,C,high,good,short-term
41,high,mid-high,5,islam,yes,C,high,good,short-term
30,high,mid-high,4,islam,no,C,mid-high,good,short-term
32,mid-low,high,5,islam,no,C,high,good,short-term
27,high,high,2,non-islam,yes,B,high,good,short-term
26,high,high,1,non-islam,yes,B,high,good,short-term
42,high,high,5,non-islam,no,B,high,good,short-term
24,high,high,1,islam,no,A,mid-high,good,short-term
37,high,high,6,islam,no,A,high,good,short-term
30,mid-low,mid-high,5,islam,yes,C,high,good,short-term
27,high,high,1,islam,no,A,high,good,short-term
34,mid-low,high,6,islam,no,C,mid-high,good,short-term
32,mid-high,high,5,non-islam,no,A,high,good,short-term
28,high,high,1,non-islam,yes,B,high,good,short-term
29,mid-high,mid-high,1,non-islam,yes,B,high,good,short-term
42,high,high,3,non-islam,no,B,high,good,short-term
21,mid-low,mid-low,0,non-islam,no,D,high,good,short-term
22,high,high,2,islam,no,C,high,good,short-term
36,high,high,3,non-islam,no,C,high,good,short-term
45,mid-low,mid-high,3,non-islam,yes,B,high,good,short-term
34,high,high,2,non-islam,yes,B,high,good,short-term
35,mid-low,mid-high,5,islam,no,C,mid-high,good,short-term
19,high,high,1,islam,no,B,mid-high,good,short-term
27,high,high,4,islam,no,C,mid-high,good,short-term
37,mid-low,high,4,islam,yes,B,mid-high,good,short-term
26,mid-high,mid-low,4,islam,no,C,high,good,short-term
28,low,mid-high,5,islam,no,C,high,good,short-term
31,mid-high,high,5,islam,no,A,high,good,short-term
32,mid-low,mid-low,6,islam,no,B,mid-high,good,short-term
40,mid-low,mid-low,4,non-islam,yes,B,high,good,short-term
27,mid-high,mid-high,5,islam,no,B,high,good,short-term
27,mid-low,mid-low,3,islam,no,B,mid-low,bad,short-term
37,high,high,5,non-islam,yes,B,high,good,short-term
22,high,mid-high,1,islam,no,B,mid-low,good,short-term
27,high,high,4,islam,no,A,mid-low,bad,short-term
21,high,high,1,non-islam,no,B,high,good,short-term
30,low,mid-high,2,islam,no,C,high,good,short-term
23,mid-low,mid-low,1,islam,no,B,high,good,short-term
25,mid-low,high,3,islam,no,A,mid-high,good,short-term
42,mid-low,high,6,islam,no,B,high,good,short-term
29,high,high,3,islam,no,A,high,good,short-term
33,high,high,2,islam,yes,B,high,good,short-term
33,high,high,3,islam,no,A,high,good,short-term
39,mid-high,mid-high,8,islam,yes,A,high,good,short-term
33,mid-high,mid-high,4,islam,yes,B,mid-low,good,short-term
17,mid-high,mid-high,1,islam,no,B,high,good,short-term
